"GOFMFIXED1","GOFMFIXED2","GOFMMOBILE1","GOFMMOBILE2","OTHERFIXED1","OTHERFIXED2","OTHERMOBILE1","OTHERMOBILE2","YEAR","SEASON"
37.3307508090272,0,5285.7561,0,682.6974,0,16150.3619,0,2016,1
0,4035.88264919097,0,23847.4534,0,559.7311,0,16975.3075,2016,2
37.3307508090272,0,3350.0825,0,193.7496,0,9374.7096,0,2017,1
0,4035.88264919097,0,25437.0292,0,29.5154,0,9710.76,2017,2
